"Path","Platform","Compiled","Cooked","Permutations","Compiletime","CompiledDouble","CookedDouble"
"Globals","21","1032","0","1","0.000000","0","0"
"/ControlRig/Controls/ControlRigGizmoMaterial.ControlRigGizmoMaterial","21","2","2","1","1.524006","0","3"
"/Engine/EngineDebugMaterials/DebugEditorMaterial.DebugEditorMaterial","21","4","2","1","10.807364","0","11"
"/Engine/EditorMaterials/PhAT_NoCollisionMaterial.PhAT_NoCollisionMaterial","21","2","2","1","2.123037","0","2"
"/Engine/EditorMaterials/PhAT_UnselectedMaterial.PhAT_UnselectedMaterial","21","2","2","1","5.583555","0","3"
"/Engine/EngineMaterials/GizmoMaterial.GizmoMaterial","21","4","1","1","1.866512","0","13"
"/Engine/EngineMaterials/RemoveSurfaceMaterial.RemoveSurfaceMaterial","21","2","2","1","0.898051","0","3"
"/Engine/EngineMaterials/NaniteHiddenSectionMaterial.NaniteHiddenSectionMaterial","21","33","1","1","37.606003","0","593"
"/MeshModelingToolset/Materials/M_DynamicMeshComponentVtxColor.M_DynamicMeshComponentVtxColor","21","30","1","1","41.603199","0","494"
"/Engine/EngineDebugMaterials/DebugMeshMaterial.DebugMeshMaterial","21","2","2","1","1.389117","0","2"
"/Engine/EditorLandscapeResources/SplineEditorMeshMat.SplineEditorMeshMat","21","8","1","1","4.619588","0","43"
"/ControlRig/Controls/ControlRigXRayMaterial.ControlRigXRayMaterial","21","4","1","1","2.374818","0","13"
"/Engine/EngineDebugMaterials/M_SimpleUnlitTranslucent.M_SimpleUnlitTranslucent","21","2","2","1","0.000000","0","3"
"/Engine/EditorMaterials/Camera/CineMat.CineMat","21","56","1","1","105.392273","0","1640"
"/Engine/VREditor/TransformGizmo/Xray.Xray","21","28","3","1","144.423798","0","413"
"/Engine/VREditor/TransformGizmo/TranslucentTransformGizmoMaterial.TranslucentTransformGizmoMaterial","21","2","2","1","3.666766","0","2"
"/Engine/VREditor/TransformGizmo/Main.Main","21","2","2","1","1.436479","0","3"
"/Engine/EngineMaterials/DefaultLightFunctionMaterial.DefaultLightFunctionMaterial","21","6","1","1","2.835309","0","26"
"/Game/Tile/Pieces/Material.Material","21","28","7","1","0.000000","0","406"
"/Game/LevelPrototyping/Materials/M_Solid.M_Solid","21","56","4","1","120.849350","0","1614"
"/Engine/BasicShapes/BasicShapeMaterial.BasicShapeMaterial","21","210","1","1","256.745056","0","21666"
"/Engine/EngineSky/M_SimpleSkyDome.M_SimpleSkyDome","21","2","2","1","1.128779","0","3"
"/Engine/EngineMaterials/FlattenMaterial_WS_Normal_VT.FlattenMaterial_WS_Normal_VT","21","98","1","1","124.112564","0","4709"
"/Engine/EngineMaterials/FlattenMaterial_VT.FlattenMaterial_VT","21","98","1","1","123.341293","0","4572"
"/Engine/EngineMaterials/FlattenMaterial.FlattenMaterial","21","98","1","1","0.000000","0","4572"
"/Engine/EngineMaterials/M_InvalidLightmapSettings.M_InvalidLightmapSettings","21","56","1","1","65.474998","0","1628"
"/Paper2D/DefaultSpriteMaterial.DefaultSpriteMaterial","21","24","2","2","14.233032","0","194"
"/Engine/EngineMaterials/EmissiveMeshMaterial.EmissiveMeshMaterial","21","2","2","1","1.048279","0","3"
"/Engine/EngineMaterials/PhAT_JointLimitMaterial.PhAT_JointLimitMaterial","21","4","1","1","2.005707","0","13"
"/ControlRig/M_Manip.M_Manip","21","4","1","1","1.956172","0","13"
"/Engine/EngineDebugMaterials/M_VolumeRenderSphereTracePP.M_VolumeRenderSphereTracePP","21","4","1","1","2.722410","0","13"
"/Engine/VREditor/TransformGizmo/TransformGizmoMaterial.TransformGizmoMaterial","21","2","2","1","0.858549","0","3"
"/Engine/EngineMaterials/Widget3DPassThrough.Widget3DPassThrough","21","26","9","6","14.961103","0","107"
"/Engine/EngineMaterials/DefaultPostProcessMaterial.DefaultPostProcessMaterial","21","6","1","1","2.232156","0","26"
"/Engine/EngineMaterials/DefaultMaterial.DefaultMaterial","21","350","1","1","444.400330","0","32592"
"/Engine/EngineMaterials/WorldGridMaterial.WorldGridMaterial","21","1004","1","1","1200.174683","0","128873"
"/Engine/EngineMaterials/DefaultDeferredDecalMaterial.DefaultDeferredDecalMaterial","21","105","1","1","57.509094","0","4061"
"/Engine/EngineMaterials/DefaultTextMaterialOpaque.DefaultTextMaterialOpaque","21","34","1","1","42.946243","0","572"
"/Game/Tile/tile_Mat.tile_Mat","21","28","3","1","42.040737","0","379"
"/Engine/EngineMaterials/PPM_DefaultCalibrationColor.PPM_DefaultCalibrationColor","21","4","1","1","1.712202","0","13"
"/Engine/EngineMaterials/PPM_DefaultCalibrationGrayscale.PPM_DefaultCalibrationGrayscale","21","4","1","1","1.608303","0","13"
"/Engine/EditorMaterials/PreviewShadowIndicatorMaterial.PreviewShadowIndicatorMaterial","21","6","1","1","2.021496","0","21"
"/Engine/EngineSky/M_Sky_Panning_Clouds2.M_Sky_Panning_Clouds2","21","2","2","1","0.991215","0","3"
"/Engine/VREditor/SnapGrid/SnapGridMaterial.SnapGridMaterial","21","4","1","1","2.443256","0","13"
"/Engine/EngineSky/VolumetricClouds/m_SimpleVolumetricCloud.m_SimpleVolumetricCloud","21","14","1","1","8.361028","0","118"
"/Game/Characters/Mannequin_UE4/Materials/M_MannequinUE4_Body.M_MannequinUE4_Body","21","136","2","2","155.591812","0","3802"
"/Game/Characters/Mannequins/Materials/M_Mannequin.M_Mannequin","21","112","7","2","212.589737","0","900"
"/Game/LevelPrototyping/Materials/M_PrototypeGrid.M_PrototypeGrid","21","210","4","3","356.144897","0","4521"
"/Engine/OpenWorldTemplate/LandscapeMaterial/M_ProcGrid.M_ProcGrid","21","56","2","2","80.712479","0","763"
"/Interchange/gltf/M_Unlit.M_Unlit","21","26","9","6","14.844645","0","108"
"/SpeedTreeImporter/SpeedTree9/SpeedTreeBillboardMaster.SpeedTreeBillboardMaster","21","68","1","1","89.887131","0","2100"
"/SpeedTreeImporter/SpeedTree9/SpeedTreeMaster.SpeedTreeMaster","21","152","1","1","226.120331","0","7358"
"/Interchange/gltf/M_SpecularGlossiness.M_SpecularGlossiness","21","154","6","6","221.696396","0","2208"
"/Interchange/gltf/M_Transmission.M_Transmission","21","32","2","2","46.245132","0","273"
"/Interchange/gltf/M_Sheen.M_Sheen","21","154","6","6","250.755829","0","1878"
"/Interchange/gltf/M_ClearCoat.M_ClearCoat","21","154","6","6","253.950287","0","1977"
"/Interchange/gltf/M_Default.M_Default","21","154","7","6","197.307556","0","1615"
"Globals","24","1030","0","1","0.000000","0","0"
"/ControlRig/Controls/ControlRigGizmoMaterial.ControlRigGizmoMaterial","24","2","2","1","2.405500","0","3"
"/Engine/EditorMaterials/PhAT_NoCollisionMaterial.PhAT_NoCollisionMaterial","24","2","2","1","2.649301","0","3"
"/Engine/VREditor/TransformGizmo/TranslucentTransformGizmoMaterial.TranslucentTransformGizmoMaterial","24","2","2","1","2.373001","0","3"
"/Engine/EngineDebugMaterials/DebugEditorMaterial.DebugEditorMaterial","24","4","1","1","4.028986","0","13"
"/Engine/EngineMaterials/Widget3DPassThrough.Widget3DPassThrough","24","26","14","6","25.903505","0","73"
"/Game/Characters/Mannequins/Materials/M_Mannequin.M_Mannequin","24","112","3","2","199.932587","0","819"
"/Game/LevelPrototyping/Materials/M_PrototypeGrid.M_PrototypeGrid","24","210","16","3","373.727539","0","1921"
"/Engine/EditorMaterials/PhAT_UnselectedMaterial.PhAT_UnselectedMaterial","24","2","2","1","2.129586","0","3"
"/Engine/EngineMaterials/GizmoMaterial.GizmoMaterial","24","4","1","1","3.694790","0","10"
"/Engine/EngineMaterials/RemoveSurfaceMaterial.RemoveSurfaceMaterial","24","2","2","1","2.020741","0","3"
"/Interchange/gltf/M_Default.M_Default","24","154","22","6","283.704468","0","872"
"/Engine/EngineMaterials/NaniteHiddenSectionMaterial.NaniteHiddenSectionMaterial","24","33","4","1","51.126232","0","199"
"/MeshModelingToolset/Materials/M_DynamicMeshComponentVtxColor.M_DynamicMeshComponentVtxColor","24","30","5","1","61.106197","0","174"
"/Interchange/gltf/M_ClearCoat.M_ClearCoat","24","154","18","6","314.748108","0","1044"
"/Engine/EngineDebugMaterials/DebugMeshMaterial.DebugMeshMaterial","24","2","2","1","2.433580","0","2"
"/Engine/EditorLandscapeResources/SplineEditorMeshMat.SplineEditorMeshMat","24","8","5","1","8.628991","0","29"
"/Engine/EngineDebugMaterials/M_SimpleUnlitTranslucent.M_SimpleUnlitTranslucent","24","2","2","1","2.389565","0","3"
"/ControlRig/Controls/ControlRigXRayMaterial.ControlRigXRayMaterial","24","4","1","1","1.874823","0","11"
"/Interchange/gltf/M_Sheen.M_Sheen","24","154","18","6","310.592712","0","1173"
"/Interchange/gltf/M_Unlit.M_Unlit","24","26","13","6","23.975945","0","70"
"/Engine/EditorMaterials/Camera/CineMat.CineMat","24","56","4","1","120.156693","0","582"
"/Engine/VREditor/TransformGizmo/Xray.Xray","24","28","2","1","63.128277","0","236"
"/Game/Tile/Pieces/Material.Material","24","28","2","1","0.000000","0","230"
"/Engine/VREditor/TransformGizmo/Main.Main","24","2","2","1","2.408451","0","3"
"/Engine/EngineMaterials/DefaultLightFunctionMaterial.DefaultLightFunctionMaterial","24","6","6","1","4.629660","0","11"
"/Interchange/gltf/M_Transmission.M_Transmission","24","32","10","2","62.077751","0","119"
"/Interchange/gltf/M_SpecularGlossiness.M_SpecularGlossiness","24","154","20","6","309.053314","0","1225"
"/Game/LevelPrototyping/Materials/M_Solid.M_Solid","24","56","4","1","116.319107","0","604"
"/Engine/EngineMaterials/PPM_DefaultCalibrationGrayscale.PPM_DefaultCalibrationGrayscale","24","4","4","1","2.713977","0","7"
"/Engine/OpenWorldTemplate/LandscapeMaterial/M_ProcGrid.M_ProcGrid","24","56","3","2","97.165878","0","386"
"/SpeedTreeImporter/SpeedTree9/SpeedTreeMaster.SpeedTreeMaster","24","152","7","1","257.139893","0","2636"
"/Engine/EngineSky/M_Sky_Panning_Clouds2.M_Sky_Panning_Clouds2","24","2","2","1","1.822168","0","3"
"/SpeedTreeImporter/SpeedTree9/SpeedTreeBillboardMaster.SpeedTreeBillboardMaster","24","68","8","1","105.986290","0","730"
"/Engine/EditorMaterials/PreviewShadowIndicatorMaterial.PreviewShadowIndicatorMaterial","24","6","4","1","4.200618","0","17"
"/Game/Characters/Mannequin_UE4/Materials/M_MannequinUE4_Body.M_MannequinUE4_Body","24","136","10","2","204.690552","0","1383"
"/Paper2D/DefaultSpriteMaterial.DefaultSpriteMaterial","24","24","12","2","22.084932","0","81"
"/Engine/EngineMaterials/PPM_DefaultCalibrationColor.PPM_DefaultCalibrationColor","24","4","4","1","3.005312","0","4"
"/Engine/EngineSky/VolumetricClouds/m_SimpleVolumetricCloud.m_SimpleVolumetricCloud","24","14","1","1","14.986536","0","87"
"/Engine/VREditor/SnapGrid/SnapGridMaterial.SnapGridMaterial","24","4","4","1","4.311439","0","4"
"/Game/Tile/tile_Mat.tile_Mat","24","28","4","1","46.932186","0","239"
"/Engine/BasicShapes/BasicShapeMaterial.BasicShapeMaterial","24","210","7","1","329.912292","0","4361"
"/Engine/EngineSky/M_SimpleSkyDome.M_SimpleSkyDome","24","2","2","1","2.018129","0","2"
"/Engine/EngineMaterials/DefaultTextMaterialOpaque.DefaultTextMaterialOpaque","24","34","8","1","52.455471","0","217"
"/Engine/EngineMaterials/DefaultDeferredDecalMaterial.DefaultDeferredDecalMaterial","24","105","8","1","104.624466","0","1025"
"/Engine/EngineMaterials/FlattenMaterial_WS_Normal_VT.FlattenMaterial_WS_Normal_VT","24","98","7","1","162.598282","0","1142"
"/Engine/EngineMaterials/WorldGridMaterial.WorldGridMaterial","24","1004","9","1","1466.098755","0","61645"
"/Engine/EngineMaterials/FlattenMaterial_VT.FlattenMaterial_VT","24","98","9","1","148.244553","0","1180"
"/Engine/EngineMaterials/FlattenMaterial.FlattenMaterial","24","98","9","1","0.000000","0","1180"
"/Engine/EngineMaterials/M_InvalidLightmapSettings.M_InvalidLightmapSettings","24","56","7","1","85.904106","0","569"
"/Engine/EngineMaterials/EmissiveMeshMaterial.EmissiveMeshMaterial","24","2","2","1","1.962067","0","3"
"/Engine/EngineMaterials/PhAT_JointLimitMaterial.PhAT_JointLimitMaterial","24","4","4","1","3.751356","0","6"
"/ControlRig/M_Manip.M_Manip","24","4","4","1","3.248233","0","4"
"/Engine/EngineDebugMaterials/M_VolumeRenderSphereTracePP.M_VolumeRenderSphereTracePP","24","4","4","1","2.954760","0","6"
"/Engine/VREditor/TransformGizmo/TransformGizmoMaterial.TransformGizmoMaterial","24","2","2","1","1.856017","0","2"
"/Engine/EngineMaterials/DefaultPostProcessMaterial.DefaultPostProcessMaterial","24","6","3","1","4.494292","0","21"
"/Engine/EngineMaterials/DefaultMaterial.DefaultMaterial","24","350","10","1","681.635315","0","6717"
